date,EW_predNone,MinVar_predNone,MaxSharpe_hist_predNone,TopK_pred_predtop_val,TopK_pred_predtop_test,TopK_pred_predensemble,Momentum_tilt_pred_predtop_val,Momentum_tilt_pred_predtop_test,Momentum_tilt_pred_predensemble,BlackLitterman_pred_predtop_val,BlackLitterman_pred_predtop_test,BlackLitterman_pred_predensemble
2025-01-02,-0.003427202207499468,-0.0054494952406588726,-0.0005557866917405111,-0.004259466450997894,-0.0013090730346379084,-0.00020561763053165115,-0.003159691782350394,-0.0015602183333088414,-0.0014758160606249417,-0.004850789347935089,-0.0020478916650744365,-0.0029886752433162106
2025-01-03,0.0041017331174228585,0.0023386986828621325,0.004325439995619445,0.008580774867256436,0.0005330375345236281,0.001408245851043599,0.0076775351232707565,0.0024642810103828253,0.0018608239540746961,0.006755993726346507,0.0019854925214467336,0.0010203218964544912
2025-01-06,-0.006491034669200415,-0.010238850952142338,-0.008928883994965811,-0.001867376945624688,-0.005158522007204235,-0.010662852492614273,-0.003879663257461043,-0.008680079821500583,-0.0119524156033868,-0.00511399713622327,-0.010155120762180479,-0.011390904182202344
2025-01-07,0.0022052055852600943,0.003945732294496215,-0.0028786882034396353,0.0003525387306498206,-0.00270035321459221,-0.0030128781442389833,-0.0004397925125260251,-0.0019903795586172688,-0.002864855739864431,0.002353594681646853,0.0007842583372281516,0.0003532618330115832
2025-01-08,0.0015301046823689305,-0.0004651990851182628,0.004887303490539446,0.0023578895163068876,-0.005046002011380546,-0.0061778403912995826,0.004161956547953283,-0.0025606421735666733,0.0012966157945008834,0.0030415923457507606,-0.0033363110844271764,-0.0038169589021224684
2025-01-10,-0.007825057025917969,-0.008621554207353168,-0.011578632041088248,-0.007110047862668289,-0.006137046695212466,-0.006053260051910847,-0.007921654415054007,-0.008619922303031526,-0.010914602410618993,-0.006398540856039088,-0.0069992084307740725,-0.007977435902183246
2025-01-13,0.00652118316130365,0.0077873604915863585,0.0015997277281834662,-0.003815737153588627,0.0027772126735686074,0.005416185913977988,-0.0016016596153737626,0.003715018761072966,0.002474762593047746,0.0033887041911446884,0.006314824605150885,0.006872008013651082
2025-01-14,0.006862156789762518,0.0041404626311520734,0.012803382081161942,0.002400072691946664,0.00959139949261316,0.005178371707233031,0.007174537602228586,0.008844999548657828,0.007129939524534244,0.0038425986233614146,0.004871570610682634,0.0033485501762526284
2025-01-15,0.0034539498040149657,0.0016300286176412634,0.0006003220491267586,0.003922105730161052,-0.004070482563335398,-0.005807012854525406,0.0035459693968730955,-0.0021049763437726693,-0.003137942689117118,0.00511812188902699,-0.0019265885063379576,-0.0029691505503151652
2025-01-16,0.008513886216655001,0.006765360840938074,0.0028492085143164243,0.0012402733225524987,0.0030705927341026173,0.002468815581207839,0.0027978874778415356,0.002645884511213671,0.002190624299885182,0.0045258730958842855,0.004278097817063063,0.00543657466884566
2025-01-17,0.005172409592717002,0.002425827080475825,0.008123018788351623,0.005776336004762771,0.00428174349887238,0.003377827098115404,0.007353265773817905,0.004631469516659608,0.005776779805290054,0.004511436633419488,0.0032863313970228113,0.0010570588020055657
2025-01-21,0.008847467792797962,0.004712483788657249,0.010915550052143508,0.007808697159934486,0.010934720902466609,0.004564553579812157,0.009439356081687379,0.008751354999458682,0.005723342360442978,0.006574673837120031,0.0026366054936616296,0.0025242491175736094
2025-01-22,-0.006123954953526188,-0.005232409511627186,0.0020473023046044,0.0014930131957703982,-0.008190479211709189,-0.009249314628367866,-0.0006901042145632937,-0.003170848214497928,-0.0010849499630035944,-0.0036599059117169487,-0.0057379332617902975,-0.006629654805124003
2025-01-23,0.00890506003724598,0.00781347733588211,0.01582224571027912,0.009807696448612346,0.008321999871713736,0.006103509674339391,0.012098630267763337,0.011566445313357016,0.008074327804348079,0.007014503665550281,0.007166066409484176,0.005907028019185959
2025-01-24,-0.0021188648760587523,-0.0020520472440078664,0.0026595727559959683,-0.00020248109869622785,0.011072647167068083,0.0072549900777587155,0.002748290188011394,0.005500633976552827,0.004278817212790544,-0.0011756632345950656,0.003607438203234573,0.001866674698153371
2025-01-27,0.014410996730056125,0.019979646781481203,0.008116467432965848,0.009685766291891974,0.0191542239970375,0.02811535733625589,0.008405366448608767,0.014518533176136338,0.019620847251370165,0.012409102391485384,0.02068506171110397,0.027955402841917193
2025-01-28,-0.011797429748079827,-0.015465224816421801,-0.007746472216084818,-0.010711934061385242,-0.009518660588179073,-0.013673554687762013,-0.0100431656996024,-0.010231647495665618,-0.011380378603855396,-0.013575330806688216,-0.012699625546445728,-0.01422338835371226
2025-01-29,-0.0015938865031067768,-0.0017967923490760423,0.0037094524385905547,-0.0009758784363649518,0.001554231684799867,0.006918174907045804,-0.0018831413635000923,0.003415784215371478,0.005449729045535965,-0.007174006813369197,0.003398697375240056,0.002344001882540667
2025-01-30,0.012931141286179604,0.011212418323637214,0.0125024263854679,0.03144747531001091,-0.00482725299745248,0.0022642382706056013,0.02289153432454239,0.003091295944259619,0.013636280559024164,0.023078160384513064,0.004526716753764796,0.006487094378300095
2025-01-31,-0.0078001722323289115,-0.0072243228514866226,-0.004609462686953926,-0.005220479824234991,-0.00192900426028375,0.0012691878359677002,-0.004794016701934312,-0.002783763266847148,-0.0021753663978644694,-0.006633651878620473,-0.004749951827252916,-0.001073695462299023
2025-02-03,0.0033907300772013415,0.003998813087927647,0.010716173500422123,0.006309601424374577,0.009871380806960595,0.008742777629911202,0.007061997058655105,0.010106706928020886,0.011079919687810729,0.006126156003442231,0.0078000760387842965,0.008644679966807189
2025-02-04,-0.0038568174984891833,-0.0062746684930441166,-0.00443746893064902,-0.0021242553713246796,-0.004862003072229015,-5.911875259876373e-05,-0.0048980962742954355,-0.001907801466116093,-0.0022410071424804555,-0.0036844461196302307,-0.002517647093449781,-0.007846406370615646
2025-02-05,0.005471387707643235,0.0034398781271422285,0.006694049699565779,0.00492514950905829,0.001003902468388018,0.002477115175189514,0.004110270534876372,0.004904446601735307,0.0031723119454630487,0.004451656585549358,0.003106406088243629,0.003838936510388953
2025-02-06,-0.0025399823976121638,-0.004767315780998194,0.0026030814953821205,-0.0024822923410304336,0.006852064201605045,0.0007082815185277091,0.0007959086437957279,0.003022490027168157,-0.0005542069397179617,-0.003626469336112402,-0.0016521783081481522,-0.002801607383768232
2025-02-07,-0.003493067291933144,-0.0031879316694105354,-0.0030476017340602614,-0.005885336776623128,-0.0011654674473269733,-0.0008343912133518038,-0.003987898269379947,-0.002690759277919997,-0.002276032818535771,-0.0033235723830671235,-0.002394537671292568,-0.0018287752461499046
2025-02-10,0.004014064460101823,0.004449287811472512,0.001071307122783134,0.0033001219481559423,-0.0005387038483678939,0.006179985992608294,0.0024206008703763064,0.002247886582876926,0.0027674592961384734,0.004131785559809056,0.005766027908294962,0.0049341049939425775
2025-02-11,0.0062784635711026,0.009971234607811975,0.004489383044234853,0.004993760298319215,0.004335943691595801,0.010757333326374205,0.005619229667684439,0.0020761587449917157,0.009983448504136147,0.0039285100950936834,0.006448791015875568,0.010179619984257609
2025-02-12,-0.005174591321133501,-0.004439674864826103,-0.003764342231854978,-0.0017206721334658726,-0.003947907414257191,0.0029665855687517778,-0.003941485553392896,-0.004735087347388348,0.0018179600293390325,-0.00869095779518298,-0.0032548506628314756,-0.00018205205615309044
2025-02-13,0.004316779416323439,0.00244444304596009,0.002837849914517969,0.0018539428265598175,0.0067211265609853355,0.006055279962305192,0.0016349626695854784,0.004344993806052331,0.0051207123962397376,-0.0009071127225945268,0.004786546117309085,0.0034803537754936847
2025-02-14,-0.0054480393375184065,-0.01440207386705877,-0.014798107662393869,-0.005217171355387839,0.0007137177733100412,-0.0035523249162803246,-0.004549024008839469,-0.01333028478902041,-0.011542017755385062,-0.007445543018498791,-0.01232366973026094,-0.01125349245658979
2025-02-18,0.005177896582565444,0.004218826738646466,0.0003629958325795582,-0.0016103068302743438,0.001124108345323482,-0.0024871535139890486,-0.0005730676272799152,-0.0024307959251612912,0.00012264185912077468,0.0010338945015234329,-0.0010856210428624503,0.0015723213173092047
2025-02-19,0.009313918180958688,0.012637599098529049,0.009492102623885182,0.014917175060229403,0.009375091788168376,0.01278331778616617,0.011991758460419727,0.012498159600677457,0.01081790782556379,0.01229609830940271,0.013786977937243573,0.012456245861528317
2025-02-20,0.0003730993036381386,0.003215031918130067,-0.003543829984626735,-0.0005256117473827703,-0.0025110920039545844,0.0012178345995295546,-0.0006517179682300523,-0.001754687651865831,-0.0010146835891348387,0.002621482815510644,0.0026998589696320017,0.0045559893740285086
2025-02-21,-0.0028006537118479002,0.0024966250066948245,-0.008572002146559699,-0.010326408194752766,0.0028099837327440584,0.008334516800421186,-0.010120347370164708,-0.0027703094509870384,0.002280655443020311,-0.007732017773493583,0.003339358394733658,0.010301721733527162
2025-02-24,0.004200983703880938,0.0044996579684811145,0.0015557056918524418,0.006458395444211073,0.007359815191199214,0.004492549392611611,0.005565009447139451,0.004842484594361254,0.0025840579282025563,0.008122595571724272,0.004781367005515071,0.005374138460003781
2025-02-25,0.003738893908873474,0.007221088496681147,0.0064880122164036975,-0.0023564976108376044,0.006199080861118821,0.008749024311850939,0.001046062541373028,0.007500779920390065,0.0066381064822080135,0.001097506115680598,0.007118943151239494,0.008787638836126167
2025-02-26,-0.0067591797633004096,-0.007890924141860574,-0.004369070514766116,-0.002200669099140806,-0.008925818499280556,-0.012411307205917675,-0.0023866269019745803,-0.00739988297877344,-0.008360145075471313,-0.003085233458892129,-0.010428684402940367,-0.013591719492637157
2025-02-27,0.001121027047475158,0.0040139267536302165,0.003285698365392083,-0.008806708168773245,0.002979474160123141,0.00131112187140352,-0.004127295593357812,0.0032134219753175266,0.0015805578848444833,-0.0026856019502380936,0.0037428269813567696,0.003298193831644004
2025-02-28,0.009337772126514385,0.009995626020956598,0.01611174448738136,-0.003132455036704406,0.011985552804689669,0.01258944725691653,0.004045665718000815,0.015338139914128423,0.013041889802334316,0.003267207036769118,0.013453602232156003,0.010833847505226769
2025-03-03,-0.006564805868295252,-0.0003531885558763614,-0.009470870638115716,-0.011670405552420337,-0.003453875580026677,0.003354903882582482,-0.00835509920312883,-0.007118131429977827,-0.0013538168789256834,-0.008249498567857306,-0.0022069893681093454,0.0053694312767815265
2025-03-04,-0.020903032767848145,-0.018960020865559542,-0.019133766811214287,-0.01585787162513357,-0.026029094547907403,-0.01741947364835765,-0.020065417661225073,-0.01809534482382629,-0.01707924414082361,-0.015970824040206402,-0.016603516782805812,-0.015914637550214748
2025-03-05,0.005202260009786878,0.0071073923492260445,0.005041544829931427,-0.0014268746092646503,0.001604076032640411,-0.003426708784521759,0.00259845311373365,0.0017932963800121036,7.518404702072548e-05,0.003459997309270433,-0.0005222657896556825,0.0015177800904912992
2025-03-06,-0.0012472607608048265,0.0010086362511227509,-0.00487526079000467,-0.00902399854241882,-0.001498922369404276,0.0026325622965512885,-0.008146611424009326,-0.002151343529057428,-0.0008609652394844917,-0.0035111959046018756,0.0024357270514050317,0.004742097631869077
2025-03-07,0.013844179255902951,0.010771935534726811,0.011245109330269119,0.018162282703211317,0.015363799015407853,0.01583518193125579,0.015901375515838815,0.01107034333143062,0.016297047664619882,0.01804099661456507,0.011818917613925811,0.014488155090954894
2025-03-10,-0.0013096738523948408,-0.0009478263715181588,-0.0044989061695329055,-0.010186350641690578,-0.005360747415798884,0.0038730726616074355,-0.008565317614917056,-0.002966269776674576,-0.0006700845529260633,-0.0031341072464837376,0.001279317359480711,0.004682778413122805
2025-03-11,-0.015051767053942294,-0.01653909059841627,-0.015220703434544453,-0.032593811547355564,-0.020632374194458375,-0.01969583955378433,-0.026173275474683726,-0.018503146519895326,-0.019352751437316965,-0.028475537203159405,-0.01739610119225378,-0.015997708932625254
2025-03-12,-0.002792795032137097,-0.009353795050214404,-0.0009337518398624919,0.0010277505414978628,-0.002667503819382566,-0.010827146309104752,0.0023252084603274437,-0.004740899678922679,-0.008187953077989262,-0.002268776224619657,-0.008959244719108002,-0.013049132363443938
2025-03-13,-0.0006325842100708995,0.0004657654709418918,-0.001074872467184026,-0.007742913316468746,0.001332946511180366,0.0014054518269860814,-0.004877667012344292,0.001055867105194367,-0.0009918188740342603,-0.002316762381502181,0.002148106222186257,0.0037155761175917345
2025-03-14,0.012879738818668149,0.00709906788434446,0.009505621839463435,0.01423208165769414,0.005726420938011478,0.0017821622462388608,0.013780693363733668,0.0065698631828317484,0.004476157759699124,0.013825416963128848,0.0056404016625555,0.0015002787070539283
2025-03-17,0.010238255207808267,0.009528052423445224,0.011707672660666253,0.011005674735181525,0.00608723727183098,0.008202061945297778,0.010117354727159883,0.00840078788995851,0.011044750575837616,0.010892378034180248,0.007924445230223955,0.00891709081454173
2025-03-18,-0.003085893785878849,-0.001679917949237281,-0.005880489143664112,-0.005839728201112337,0.00038874313442360787,-0.003505553823527241,-0.004600501910785081,-0.0016083189783535014,-0.0077519781028663375,-0.0016351950373383745,-0.0019637301204508493,-0.0038124479475836626
2025-03-19,0.007688047113998914,0.0037600454796996837,0.006922338834052315,0.007518280730668847,-0.0002955569171650299,-0.0028128668608245143,0.007272261958300983,0.002078733469570454,0.002894544005328522,0.006291655647132875,0.0015368635036722283,-0.0006418926672403409
2025-03-20,-0.002841382664307856,-0.0007770147909650083,-0.007887729849534439,-0.011982222523377394,-0.005907370717340954,-0.003411787695268664,-0.009946663540167407,-0.005554947463874925,-0.007170087550027325,-0.007290653785563568,-0.002044650456614523,-0.0019723737207313057
2025-03-21,-0.0019840425934065367,-0.004039730612052873,-0.0021104849861029633,0.0009907646337542484,-0.001065771061420451,-0.0006072068118748053,-0.0018018937884777375,6.034029320945266e-05,-0.0021756600942378765,-0.002567817778357957,-0.0015468173784234833,-0.003099019300054756
2025-03-24,0.006354970430109985,0.004021271577426893,0.010939756941418154,0.008802801732539577,0.006810024597530372,0.002021298257893389,0.010667281215931381,0.006697468130232402,0.005100769941537341,0.006876801677785941,0.002901162773453714,0.000468516177115277
2025-03-25,-0.001225135300047463,-0.003730610170647121,0.004643627339102922,-0.0005833462589444508,0.01010052978937221,-0.0032906053378963353,0.0055532484434574255,0.0022857688375612258,-0.0014692757330513066,0.00042604174481790174,-0.0034665304448690056,-0.008958453043163301
2025-03-26,0.004618745926752758,0.007856379238073724,0.004865781632872534,0.0017065729876221346,0.0051352002114207086,0.011673859232532523,0.0012591902263365188,0.006760374264301837,0.011116502567074379,0.004475335630712162,0.010013745524903707,0.012167899332429928
2025-03-27,-0.0010645648819773267,0.0033836190908156935,-0.0009006183884355533,-0.0014560413255640054,0.0004031474066822356,0.005383324163836489,-0.0019485927440540626,0.002296448142227714,0.0023965421299439083,-0.0012282403983157274,0.003874749151186081,0.00516910444066072
2025-03-28,-0.0065278279675024175,-0.005243440422085976,-0.00935384111095773,-0.008021452362266812,-0.007879841545456756,-0.003834316208052279,-0.009085587051153516,-0.005891176040357005,-0.006351468773705187,-0.00418380265859177,-0.00345669973596645,-0.001329271300223917
2025-03-31,0.009410961028572144,0.011076953864612996,0.01333130890996538,0.010144820220985683,0.013752462633049543,0.01677884016935871,0.01205004980694541,0.013387043484207349,0.01590371859663191,0.010985387904366314,0.014080604613373012,0.015020003284325888
2025-04-01,-0.003440792270510293,-0.01026087132746488,7.688214807682225e-05,-0.003786813994595661,-0.001327500495550781,0.00038089563170631315,0.0017233040124750374,0.0019072402914239095,-0.0029401983359811797,-0.006015738765267386,0.0016325571031397296,-0.00086867083396567
2025-04-02,-0.0014192453631189012,-0.002780068741907546,-0.007045083658047539,-0.008727920156202006,0.0064246915520578705,0.0036082311343664346,-0.007904779565922233,-0.005335695995867037,-0.0019415614066279356,-0.0050577935328927365,0.0020004446361648887,0.0026048906016778867
2025-04-03,-0.02847485993282434,-0.020377301658773803,-0.012858460344888592,-0.023756018684934578,-0.07692778025685948,-0.062378422099380555,-0.008358361571268588,-0.017988452590261612,-0.03455774998933848,-0.016105712402236894,-0.03403180165001001,-0.051666939348139415
2025-04-04,-0.05958651054414703,-0.05772028658629061,-0.05705667394337305,-0.06820395282181418,-0.07089083159440243,-0.06545250725501059,-0.057221066789469095,-0.05649714685405254,-0.054868532867411585,-0.055658067229323836,-0.06482932925349104,-0.06222175029604528
2025-04-07,-0.01074213154885697,-0.00996455847280477,-0.010036923208229475,-0.006298451074391797,0.0013628473713017011,0.0015616022297408882,-0.014014143459458948,-0.004608420604861286,-0.0004745785481727371,-0.01240766102918789,-0.007386349375977489,-0.003925758974780541
2025-04-08,-0.011956547509923416,-0.012611650161051985,-0.007529311031845372,-0.012977003552148456,-0.025513775198133467,-0.02990782564491754,-0.004922220022326024,-0.012916980086893414,-0.02132946473254705,-0.012948207518461492,-0.014311396307352757,-0.02651263655363835
2025-04-09,0.05722014396223405,0.051896377750580265,0.04530196692697189,0.0621989393069176,0.10159710404091182,0.08779522916260252,0.04428495296407923,0.05042635980874456,0.05831694089676118,0.05249689994676215,0.06959107262696151,0.07870888538705022
2025-04-10,-0.022371431622521955,-0.02267347874083376,-0.010277570193709002,-0.027357921348475388,-0.032927272818537044,-0.03694086941590313,-0.0110887246308819,-0.013043326398301386,-0.022319258935792924,-0.02414227979209241,-0.015504347469597377,-0.0315219899278421
2025-04-11,0.014801337273370874,0.01422637411679591,0.01262163984709616,0.01584080843959361,0.018601444812301256,0.018305466732412533,0.011012344046209176,0.013593452305016109,0.017588807655803364,0.012910169383952513,0.01805296527706454,0.018140572624820887
2025-04-14,0.01242909050826674,0.009897259958198198,0.013468082237055866,0.011189268378887497,0.015058072665631703,0.011262540469334347,0.017046377235278926,0.01344855177004126,0.013448588064895791,0.010396777463699254,0.012989985209180236,0.011452680131226103
2025-04-15,-0.005009261035312316,-0.004990042859931714,-0.0013271899438882053,-0.0010261619014211966,-0.009836607156899602,0.00022990688806987522,-0.0006988690108140891,-0.0011924979663819632,-0.001004213798365279,-0.00179624867524186,-0.00588166990020574,-0.0024436090776977387
2025-04-16,-0.009126560332424599,-0.008387234154965277,-0.011862699954958509,-0.016594794072257987,-0.013590945240095565,-0.01961006783625927,-0.009052621701597081,-0.011273760978827745,-0.013570688610687148,-0.013974202116670153,-0.011994072500658579,-0.0180453036210913
2025-04-17,0.01410843963278991,0.017827101515285985,0.00833342538006777,0.010049479256997285,0.01651471642228217,0.01187153852800904,0.009343916179850477,0.009018030334528882,0.008313037267295096,0.014509780133512834,0.014599345301611203,0.0147908526585568
2025-04-21,-0.01384628847414938,-0.010330494193948696,-0.015899222310674657,-0.010571859406084183,-0.015862841008685423,-0.011247621828589249,-0.013079012747539956,-0.012892929081000712,-0.014711558997374875,-0.009062514442095397,-0.013831969777622934,-0.013916890216281126
2025-04-22,0.024098459196837556,0.018755140495435772,0.03341600506789173,0.027377203205941655,0.020000472204478512,0.020431194105304182,0.02890143157618539,0.026804777829930952,0.026797831273631934,0.0219755966143921,0.017703636065268005,0.01934480514578233
2025-04-23,0.001969354431869973,-0.0007658139688014654,0.0011123336271452503,0.0060245029683118284,0.020016582177331307,0.01132555597138407,0.004183602192973673,0.004909698484746324,0.0056657282867247595,0.0020872206982719167,0.003317039616526839,0.0077949928111895215
2025-04-24,0.006730842104859071,0.00670702336525606,0.0009582924631027779,-0.002523117584092427,0.023050174474553438,0.004111758791236176,-0.004902166634255767,0.00024792456072791663,0.0003067581278106157,6.744186706068054e-05,0.004747446090952475,0.0026743563510995523
2025-04-25,-7.002231345911914e-05,0.0019618696844973084,-0.002797303354601701,0.007876862383568571,0.0006531101091342693,0.002288716272342106,-0.0021006210539259167,-0.0011117128874309906,-6.755691375154013e-06,0.0025621968102928334,0.0007232952878121699,0.004070807163901286
2025-04-28,0.0052203318212582115,0.0038658021333621323,0.004432166270719132,0.008030092486067942,0.008030927814817845,0.005705036515290284,0.0056216178094434495,0.004243388046122637,0.0046112682144595065,0.0044644374142045785,0.005630179440395403,0.005281294421693778
2025-04-29,0.007750726121432481,0.008317252635434444,0.007734608654847076,0.018819066916571512,0.013914877911899513,0.018998426611343298,0.008442154494050898,0.007435477883631798,0.00740098202052929,0.015885727349369185,0.012495766209896652,0.015035963782038864
2025-04-30,-2.797545477416642e-05,-0.0003387615294647597,0.00219725834031698,0.0045814146277416866,0.004159885308332489,0.0031281813403611467,0.003672759938628809,0.005045285507745827,0.0035650891438893323,0.00252010044851707,0.002909083770539115,0.0026190974548842517
2025-05-01,-0.005619070425626918,-0.0074439861528249026,-0.005912031664733434,-0.0035172148090974573,0.0009125194732285681,-0.0038327610229225593,-0.00566473407208683,-0.006107352731692961,-0.0076794866026464745,-0.008231184433310784,-0.004729537174710441,-0.005315743194849663
2025-05-02,0.008109256887547087,0.002935910006062475,0.0067222326386286585,0.012969486444979415,0.0017204622747279078,0.0013334980021126857,0.01214643972029135,0.002165217163401914,0.005243232018455665,0.010688427863465653,0.00028160886200123,0.0035354238965032356
2025-05-05,-0.003986158311010048,-0.004877873181717833,-0.0016430221104320392,0.004317549028550792,-6.382132035642762e-05,0.0013449042572206246,0.002617803039379196,0.00011445119421370532,-0.0020935378999554946,0.0014017266858455462,-0.0014837401734244038,-0.0015359484404814181
2025-05-06,-0.0020950148984349073,-0.0029689645890446526,0.000851409430626828,-0.011542861430246121,-0.004441195002780906,-0.002448668969889244,0.0017268386926507808,0.002287457544506466,0.0005324447551735168,-0.006909464288050382,-0.0018359890686855875,-0.0035757062190247867
2025-05-07,0.008643242168090813,0.012340282314996513,0.0038143933127780696,0.010760623836737569,0.006587755034139109,0.03232937108537355,0.007633608124294146,0.005379771312916018,0.006734084231925142,0.02068592536600468,0.007036508884789356,0.023620557038298837
2025-05-08,0.0004899421190449949,-7.950424997652634e-05,-0.003325057120003126,-0.0004938477896294191,0.010436278569541234,0.007889498734849055,-0.006441167365860703,-0.0029645091906363693,0.0004461632561757935,-0.004493477174955313,0.0030532697198883585,0.005981553373128347
2025-05-09,-0.001866894113688031,-0.004299695196263644,-0.004044600539485515,-0.011091002692509488,0.00182512837169837,-0.0033287647361364353,-0.0060133577050023946,-0.007062957908236109,-0.00655215029849707,-0.008644568536545738,-0.0029398179585160226,-0.0035791686869915346
2025-05-12,0.014202525041161608,0.01539616535308664,0.0005115145326301684,0.01663537153601404,0.03685912443106649,0.03487654544975309,-0.006516573240773379,0.006634371374466852,0.019757338250430828,0.01060482952379757,0.022560505970331834,0.03551684600408624
2025-05-13,-0.003409884085025372,-0.00945580317593879,-0.003759550078450801,-0.005890784473173615,0.013597021216448811,0.008312067146003653,0.00012394079782098604,0.0003676240430237669,0.0019223173619772086,-0.006773072517826733,0.0011403730503316664,0.0042051835918281094
2025-05-14,-0.003264333402654201,-0.004764745661204431,-0.0011639976365901915,-0.008793636661544268,-0.001283126071119045,0.0012782666959751943,0.0006229455798031778,0.00024472219598971394,-0.0007759624720352979,-0.004576522148629911,-0.0014425856413708823,-0.0011013543233791493
2025-05-15,0.01818810824151097,0.018454049038711347,0.02241187746603631,0.026842516694849113,0.01218400391067762,0.01621123593518887,0.02823701877130166,0.02240060107264925,0.01872827304075217,0.02343376423892444,0.02051666402641526,0.016049841900677334
2025-05-16,0.009853927511877976,0.008629274952967243,0.013234727851158517,0.009936105524531856,0.006398301372425407,0.006848824107735685,0.00953501751318101,0.009651289875105063,0.010830291717123805,0.009902192497479327,0.006381318830641405,0.00737362310759738
2025-05-19,0.0029399661440748896,0.0026504676304247325,0.007095322934468868,0.011160649259972153,-0.00025397033916469975,0.0007681159364639754,0.0065790172504959915,0.004630150059322509,0.004120755858397424,0.0059135386098438,0.0029563369183304325,0.0022062571601634737
2025-05-20,-0.0006884023894908465,0.0007135733135888158,-0.0003690421164220057,0.0023556903583769715,-0.0012170404313275316,-0.003448406693593342,-0.001179773778499392,-0.0015459721887102552,-0.001744387123980667,0.0006818076547486658,-0.0003039789890376849,-0.0018426143606371632
2025-05-21,-0.011722654560317555,-0.0084063130937332,-0.011717142829567529,-0.012894056145062316,-0.012018008184740879,-0.011665545664298161,-0.010790873175011302,-0.009593264948550229,-0.012038429146821218,-0.012024976537155525,-0.008795595399662933,-0.010688155607050265
2025-05-22,-0.0037898698243511927,-0.0027741359217770736,-0.007152475632720169,-0.0014008039893120606,0.00036565753730015676,-0.0020996241013058635,-0.007988185283728678,-0.0064092978196052496,-0.004580867091488169,-0.0015440888267479432,-0.0027005366666591896,-0.0007481063309830633
2025-05-23,0.0004113644706397574,-0.00016990303549407372,0.0033644502746819007,0.0017749762397300636,-0.008483294050226164,-0.00874431543959011,0.007352218651197511,0.0013790998984895624,-0.002775402700601103,0.0014922158487956773,-0.003353803713405386,-0.006473730347471612
2025-05-27,0.009315486824047887,0.007523604896607611,0.00804035163096419,0.014895407798276758,0.010704216086524942,0.015658887351624084,0.010727521358689549,0.007535824525928649,0.00898353966927452,0.009614294685148307,0.010768622529361505,0.014699509794820223
2025-05-28,-0.010033389804513338,-0.008728656197524587,-0.006685124380503509,-0.006472104581190052,-0.010175270057694918,-0.013260509500550355,-0.0076535247682873045,-0.008021226912851669,-0.011745404861522996,-0.009860268525881972,-0.008572346581898536,-0.01122642251124943
2025-05-29,0.0013490548030490183,0.001770215264748442,0.001905325844769892,0.00033133698869967085,-0.009221757523208684,-0.01746275828579522,0.0023304513783230234,-0.006358240390982716,-0.012883332760250233,0.0024704784018393933,-0.0029389240308753863,-0.010873386510532579
2025-05-30,0.003715233460228315,0.005612621103128358,0.005615751207184363,0.007985397723319253,-0.0035080191067134777,0.00156295821828214,0.006990386117770968,0.004143427836117918,0.0019824954785441417,0.007671331994898382,0.0028521506832130663,0.0017407289290859319
2025-06-02,-0.00042559429109073404,-0.0006513517311195105,-0.0005197751988736315,0.002529142566124531,0.0029630712171786256,0.004467824439888668,0.0023194257101340865,0.0029245635835168263,0.001994177544288109,-0.00015666634038245423,-0.000737904293681231,0.00016966448467246962
2025-06-03,0.002648730715625484,0.0013058997772151684,0.0001817074531885581,0.004693828738800887,0.01093094764542557,0.008468787542159538,-0.0012698106565040888,0.0013734983600132316,0.0048103651789381365,0.0011995017962968212,0.0032823594033501357,0.006872315967625372
2025-06-04,-0.005662701024867236,-0.004149575177779855,-0.007079499515219157,0.0018743995837106064,-0.004653658052326981,-0.0032071701429837503,-0.005226196271803146,-0.00715957134848223,-0.008340123513002493,-0.0013888987225734548,-0.003962281336279407,-0.002803992734395644
2025-06-05,-0.004271008423927136,-0.0052930515927607485,-0.0008164038862825264,-0.0002385597505397464,-0.008116221305830605,-0.00579410919752381,-0.0008219650347939956,-0.002529919742933599,-0.004022994185160186,-0.003265211630159846,-0.007218076647560541,-0.007911087258890965
2025-06-06,0.007691942899233951,0.009518542522777812,0.0012844313289372316,0.0092869370230225,0.010832741317079673,0.010554856605467932,0.005035563895150354,0.0029787212747844232,0.004191439338614834,0.008140046873623671,0.008164826359194445,0.01048132552934312
2025-06-09,0.0014167351467390269,0.0017727540370772036,-0.0035167275313744274,-0.002018567583016195,0.004654211543894227,0.0010945666997186129,-0.0005919162321165793,-0.002264101781708881,-0.0015523924662101231,0.003287239253543179,-0.00017691422327211498,0.0007545207565649776
2025-06-10,0.004267843715247862,0.0066774703918783375,-0.0026155522195592425,-0.001828044280097597,0.0011228340949984705,0.01084686902109655,-0.0028854679834760723,-0.0014361288108322048,0.002955811017291395,0.007600230949684978,0.0010962844451748565,0.008846123932662762
2025-06-11,0.0010240134289735432,-0.0011081560704290223,0.005821890308758255,0.008421263143503976,-0.004551013388343205,-0.00034270250088495077,0.007285764789870948,0.0026674791341577487,0.0020541909315951253,0.004199907057745884,-0.003819187027820896,-0.0012696249985336022
2025-06-12,0.0004933842398098771,0.002475839137900665,-0.0004457374044316531,-0.0008806600841681613,-0.009265363971304775,-0.0003561088988313977,-0.0004615143045962601,0.0002813644622788087,0.0006390226826597915,0.002623726679889955,-0.00023040905033112075,0.0005129677058473966
2025-06-13,-0.006332250746901108,-0.004510013441362916,-0.008049369563183036,-0.007729775724337461,-0.016249758242146826,-0.014557628052263438,-0.008313156569022491,-0.010071833469641972,-0.013631960715389663,-0.006878192010136491,-0.01091819172964345,-0.014488692545128292
2025-06-16,0.0019570667014428876,0.00109187349172657,0.0019042360384671911,0.0032791515212982738,0.009609649658296514,0.011150049680469775,-0.000537118450950847,0.004616280550178971,0.008629285895165815,0.0018115416492062559,0.0038451612695747203,0.009764741457515578
2025-06-17,-0.00628030936529739,-0.008208998905480396,-0.005216496186850638,-0.007829221525526963,-0.008498628946646524,-0.00583817138829663,-0.004508126066254444,-0.004830731059252251,-0.0060921811033533115,-0.009802102870592362,-0.006955185096359989,-0.009027008422418124
2025-06-18,-0.00228397673948539,-0.0021993004084247267,-0.00023799138218811693,0.004579654832524715,-0.003046652937315075,-0.0019994788905224547,-0.00021359425214437225,-0.0008072174123219194,-0.0005473669718948339,0.001997192477319829,-0.0036153140279835023,-0.001222593926774579
2025-06-20,0.006629701136126327,0.007221121288795018,0.010353937936749326,0.00159944405033714,0.0015868375568312888,-0.0018681135812740998,0.0030074908362008974,0.009742176762451283,0.003109502825856307,-0.0009452249137943868,0.006430100926284039,-0.00016712911265144006
2025-06-23,0.010648169964473868,0.008559953944356524,0.01828606006043772,0.020806650951303535,0.009010230459089885,0.009314528987616089,0.019097897722054544,0.016664204069984676,0.013213880917908639,0.014440719987451422,0.0126344296937267,0.009841196152517771
2025-06-24,0.0019069749871245502,0.0006709163056872261,0.00414131117270207,0.002303938755766599,0.012126691618214757,0.014362665863454603,0.002617869270356095,0.007741540209670914,0.010839371601220242,0.002932715939547683,0.006185323483660796,0.011133429787488613
2025-06-25,-0.006323728099060335,-0.0045273680918859836,-0.010491370793987338,-0.008292800066368653,-0.005075526548994413,-0.0028335286881467693,-0.009732794925953293,-0.007236768838621297,-0.006773909371365575,-0.008772064860456076,-0.0040287471859175835,-0.0039024111610612496
2025-06-26,0.0064671790040702875,0.0025992265282966946,0.003723896937974962,0.0029995335128775616,0.013070439173198431,0.007840489319518883,0.003453581266563017,0.0010914803036063119,0.0028748521659068445,0.0035539567827947587,0.007072099429846875,0.007176972462458829
2025-06-27,0.005947126765331842,0.0068885748336891695,0.004366533055585683,0.004000120572338894,0.01760019080689159,0.004221781082565523,0.0034374184063657004,0.003956261981546999,0.002659455123939437,0.0042039957130445855,0.010254621588807446,0.006046417012199472
2025-06-30,0.003118693971295326,0.001173477886579474,0.006115741621734911,0.009035499285212677,-0.000981200940670624,0.008116016357319044,0.007919916039551805,0.003894691104406939,0.001634693547755421,0.007739071348866437,0.0025837596708607182,0.005354121019032695
2025-07-01,0.009336019698121393,0.00813130228473206,-0.007985520977856108,0.016250763937427012,0.006549799970410841,0.01603967508665106,0.001280995450962248,-0.0016082149424850348,-0.00038715669607543426,0.006717029571145395,0.007758445823602402,0.008934317284129824
2025-07-02,-5.0834706366715914e-05,-0.0004278327225118297,-0.008540103227451593,0.0010433324385662468,-0.001553437559241511,0.0005984012098524168,-0.004154096482216438,-0.005459926437972917,-0.0023587176239460834,-0.0028318201508679332,-0.003513427348284489,-3.882628689620737e-05
2025-07-03,0.004186455608387505,0.0038690532445128227,0.005357499298849296,0.004803984148149909,0.0019494690541375318,0.0045569784829720735,0.00634758335157614,0.005634338837707288,0.006352794722143078,0.004092410578035619,0.004571251149507185,0.0050311194641766855
2025-07-07,-0.0017550466177303373,0.0007601824084280072,0.006999456693386499,0.00465253088819797,0.00011042642453940065,-0.005355607820141083,0.006789836181126321,0.0013533757463410033,-0.0014636256767976278,0.005214301286182948,-0.0016334639326218495,-0.0014665725551196252
2025-07-08,0.00017333474758137227,-0.005719812019040651,-0.008582893504159922,-0.0019867423112187137,-0.003727386236978791,0.008319176694408001,-0.007368914248006326,-0.006201835020663469,-0.0040220726290880245,-0.0063337953767236424,-0.00443501365606192,0.0013958238236230765
2025-07-09,0.00485898665894374,-0.000581533244822938,0.0016461001805136834,0.012490207662482055,0.0043495367221470845,0.007327641313118204,0.004046584506836645,0.00019895811684718292,0.0026088649034551326,0.004732495738077409,-0.00038647442215324025,0.0012114434556037717
2025-07-10,0.007047029859182467,0.007335486268058238,0.006774541994153512,0.005768242132675572,0.011603162620054073,0.013683774793907142,0.006951875781349307,0.00858318843937654,0.00968621274868162,0.009324251723697337,0.010851058285254617,0.012343969837734944
2025-07-11,-0.0037754797592482446,-0.0043219732056216,-0.004743175447710672,-0.0017340749079077567,-0.006073873478552705,-0.00046202050535668613,-0.004910517191401676,-0.007486024185166869,-0.006468891341923992,-0.0038360445648571513,-0.004707264089208134,-0.0031999917135209608
2025-07-14,0.0006790632692097935,0.00010558142857429551,0.009497397434964663,0.008116090299467027,0.002516472524044011,-0.005188967032177238,0.005873708861640087,0.0050387548624863734,0.0016552121118105136,0.005475099868686429,0.0005577153298731502,-0.0025578449578163498
2025-07-15,-0.007603244141618032,-0.00605013657313407,-0.0016212119321304403,-0.009587604148769423,-0.008407207425318464,-0.010304605718874059,-0.004712334040649743,-0.004780011757836362,-0.0041913088949741585,-0.006653374865870789,-0.006411070643981906,-0.006922640491144422
2025-07-16,0.007182699492180819,0.012070457574684171,0.004085087373692203,0.004841320853339036,0.007960586616818689,0.004820135105461775,0.003493110205554031,0.0049990180355384975,0.007053677453360347,0.005095007971860686,0.014353583793496539,0.008086561215210956
2025-07-17,0.0029216260332512486,0.0028603064878718557,-0.0016360443991807292,0.002429538894615635,-0.003340169305343043,0.002323866760910742,-6.0251125573960074e-05,0.002043626963888785,0.0019037783085334799,0.0004965382846158976,-7.740562742931264e-07,0.0002444393844858206
2025-07-18,-0.0028324704184853433,-0.002807749921413253,0.0042473519132277164,-0.004695721745845783,0.0037960547898556072,0.0035149913434434858,0.004689000268038814,0.0021079779062618195,0.0067477123346007,0.0029917535378602093,0.0032983483343187797,0.005528909951715666
2025-07-21,0.001502690357021509,0.0043931240508225155,0.004793967086300883,0.006766231358826635,0.006476279326664946,0.008531756690642345,0.007644472394298408,0.005373498173049245,0.005262891232633311,0.008245645479065193,0.006857623866166394,0.00864868197382687
2025-07-22,0.007762251216622665,0.009335606104481465,0.00182977879866442,0.010070638149165955,0.01593630360324272,0.01387555631668258,0.007165783877237409,0.005477318472714251,0.009463426018741429,0.011525726182780763,0.012229106544030637,0.013230751471292216
2025-07-23,0.009791356893435159,0.004441579064037669,6.558563649607303e-06,0.0109469882981988,0.0006269963500311164,0.0033221878827705,0.0021648385439044047,-0.0024009358089079995,-0.0008620823285779777,0.0023389666050417134,-0.001331455220563201,0.0005369222503291606
2025-07-24,-0.0042154623382859874,0.0017534578898453965,-0.00855008001011006,-0.01323187378425914,0.0001764174589605317,0.0065297018816423014,-0.00870166303407898,-0.013732479718593335,-0.009571724173810678,-0.0012537157858165434,0.000302819515818055,0.005400565217206678
2025-07-25,0.002764625925517507,0.0016413773204060596,0.003937780941393121,0.0035086546724488296,0.004704783550778435,0.004447430100726213,0.00422474121063422,0.001978320244825504,0.004507226730976998,0.004735567475802737,0.002108427318708514,0.004198819661875125
2025-07-28,-0.005117007635175163,-0.010821310538613292,-0.011823413198801301,-0.006363751196514444,-0.014116829576640956,-0.007625410864795379,-0.011693628531776044,-0.009913849328979906,-0.009595510638056233,-0.015055065450518513,-0.014360061053600374,-0.011958702122217942
2025-07-29,3.233289072816976e-05,0.007181782696901781,0.0054543358018186204,-0.013249243340489516,0.0032619823388120297,0.0016244614117688623,0.0010984829098688615,0.0037339404083568412,0.005062088031732629,0.0008070056042644491,0.008099092757369091,0.006281531361739022
2025-07-30,-0.0032299395366923293,0.0021235763338097007,0.008866538221301167,0.004588434005538721,0.01063537391532192,-0.0018401319652469944,0.008554448354085004,0.004271923414847591,0.009187007216190477,0.007978714773211076,0.0064868417590950725,0.004717784151104927
2025-07-31,-0.00912579758463569,-0.003775122183926932,0.00035472698654527866,-0.026951303066237962,-0.0013937554071316244,-0.022139156367969457,-0.014922329873821645,0.0040320017858688,0.0022705117214421667,-0.011735991790151858,-0.003395312069826587,-0.010631560754641592
2025-08-01,-0.003801286862248213,0.002394566052321147,-0.002873136835656009,-0.0011589435028846354,0.0052174926284574985,0.0010101001395802943,0.00014007764374610748,-0.0038941736135743687,-0.003666152783380414,0.001422874424483376,0.006531246159704638,0.0015390607934146767
2025-08-04,0.008586466066886811,0.006354376965885042,0.01174127032698548,0.00486283215597072,0.009524562559466876,0.005584988751674479,0.005794244421263594,0.011695483905134718,0.009756591769655366,0.006328815920051537,0.010454972647702171,0.006929339536386617
2025-08-05,-0.0006071577630740782,-0.00041690956161984544,-0.003596264647768728,0.00011458498239556029,-0.002860341331411864,-0.00419676528488273,-0.0018271707554781932,-0.003171113469815346,-0.0045219954263295,-0.0012394749242274506,-0.0034029519775153863,-0.0028315708651423786
2025-08-06,0.0005483625429400874,0.004120439168215235,0.005705583656089509,0.0054194027288213984,-0.0015732253997018833,0.00036789517513931004,0.006167033187574948,0.0033735181064531213,-7.881732034326908e-05,0.004033357409401858,0.0006451061882683157,0.0012996757847185565
2025-08-07,0.0027775284010506016,0.004905949766233389,0.0009984560486990402,0.0075037439215275715,0.007230416140411755,0.011501458626059112,0.006206142497353443,0.00145127891344056,-0.00023588159221720167,0.007954904089613817,0.00735746337250159,0.009098546251903773
2025-08-08,0.003571037417099096,0.0061326538914125055,0.0005822142593248713,5.512390594888429e-05,0.0013594101527940826,-0.0010753066949297672,-0.0019832682451928667,-0.0017655974869927955,-0.0034166866022271474,0.0009084496305908731,0.001805965485036884,0.001211088308796484
2025-08-11,-0.0024203865696293242,0.002632311265533142,-0.00039042352178203613,-0.0048618719985846545,0.0009125835314752969,-0.0057159619396951016,-0.003784075125446631,-3.630270095738347e-05,-0.0049604696738421925,-0.000747181905143556,0.0025929859576463116,-0.000381000698585587
2025-08-12,0.006970473342086739,0.004493684168596058,0.001797246108027044,0.009322689202064981,0.0008235903548837962,0.005492726045038276,0.0033852637540687834,0.0008503585514742396,0.0009215889072909763,0.003691430037513227,-3.2822967137795574e-05,0.003197417742313063
2025-08-13,0.005266469889772621,-0.0002136926662510265,-0.005981216266470214,-0.0024283434169887416,0.010339623538768494,0.008892184563980176,-0.0018947395958984075,0.005997307174429082,0.00721842804939258,-0.0012970907385080194,0.006671771227332475,0.005937897605447429
2025-08-14,-0.0065551783198880805,-0.006060230100234445,-0.006671467248549063,-0.008744475967613118,-0.00391708961887347,-0.008720111660750086,-0.00747038650654715,-0.008756501270002496,-0.004536663239794983,-0.007294622740655634,-0.005016469376937908,-0.006227631378588204
2025-08-15,-0.0025245769289998824,0.0004814078424091931,-0.001639096758644046,-0.0006382085152212055,-0.002721193312167846,-0.008204714410843139,0.00035001894280690466,-0.005038273163722915,-0.007294273036278316,-0.0013802219777264493,-0.0015326064058357395,-0.005263270272959406
2025-08-18,-0.0011773778208785137,-0.0017001521874161901,-0.0021430946182950206,-0.003808655511140291,-0.005996055416876245,-0.0069918581867540516,-0.0036461743360428267,-0.0032824138761615635,-0.003558188753526556,-0.0042135396120543634,-0.006226505937013642,-0.005604231889619294
2025-08-19,0.005902121347856713,0.007895936614385625,0.008539212149046169,0.0022524361275563453,0.013073362996185178,0.009526832437839515,0.007872314161106186,0.01150674984138797,0.011991208800358928,0.009644485445101386,0.012658206584567127,0.010431049543331919
2025-08-20,0.004645303921772107,0.007503768556159476,0.008332610633780364,0.00419993278014672,0.006402538724735262,0.004268480872566127,0.007513845638567386,0.00810621341701447,0.008283803861592453,0.007032447936841378,0.007217986778827812,0.0066818812574829505
2025-08-21,0.0005929946141897896,-0.0003632576177687741,-0.003101091370498644,0.0018345725115324286,0.0020045201999508537,0.005734860330745505,-0.0021483019307547077,-0.004194936741678904,-0.004085581742197183,0.00025335968793591807,0.00021273872073294866,0.0024869127864032893
2025-08-22,0.01061561791037837,0.003805246436147213,0.0004961519205855219,0.009947808407311775,0.004447916997704148,0.008442902192388746,0.0028892185211010627,0.005162699551745131,0.009529384651318635,0.0029189545848031287,0.001979633639601779,0.005327918080397954
2025-08-25,-0.007375017410041965,-0.007654547891681367,-0.005760963531743014,-0.00287574665613377,-0.01383679640554245,-0.005218068008116505,-0.004897768781669539,-0.009526090748456412,-0.010202531212481478,-0.005320522586923746,-0.011666435106476913,-0.007190163996960773
2025-08-26,1.398752979411453e-05,-0.004737849995127277,0.002083474341007164,0.0023632551756666226,-0.0041349489409324034,-0.005127155688253215,-0.00012482100931750868,-0.0014733750141306301,-0.0011348769461833965,-0.0033604613215927493,-0.003938698634590351,-0.004772236988034909
2025-08-27,0.002239118685090404,0.0023841488009071366,-0.0006571816450052874,-0.00465166211722694,-0.00067280394146072,0.0023209880689173622,-0.0010663897568403643,0.001319458843846553,0.0028819211646867763,-0.0029036585876840337,0.0008653940354537937,0.0019541571440940307
2025-08-28,0.0003746013551369956,-0.0013868899692635371,-0.0014297971336568588,-0.0005080724722183571,-0.010539587607095323,-0.005983758461505783,-0.0017555421069772594,-0.005590647416324352,-0.005331128389382627,-0.003922001445570461,-0.009061497207665288,-0.006164124343652854
2025-08-29,0.001280276567183769,0.005038882494889817,-0.0003050244645950872,-0.00021702603401303473,0.0035482946419409965,0.003530238660292895,0.0022037893205403944,-0.0008158085420668973,-0.00516316449986611,0.0038377459931650064,0.004925365410013825,0.004931724240063277
2025-09-02,0.0011379423195221198,0.0040599178361611825,-0.0010071689509270963,-0.0008001991080395453,-0.002240711316164945,-0.0057575487628920945,-0.0003666952935618958,-0.004966912709998713,-0.006044374764793546,-0.00011576584487090135,-0.002371898587289989,-0.003361472724534475
2025-09-03,-0.007532459172715887,-0.006491100478634729,-0.0025613531339799237,-0.01298005591587579,-0.003538749395694451,-0.0077341704305381904,-0.0057546252897312045,-0.0016841108634743456,-0.00028281560348148246,-0.008473183024700534,-0.0020095260694419246,-0.006162538992733912
2025-09-04,0.0036721237469244505,0.0004783741792646191,0.0043972739447582145,-0.0033198064116600756,-0.0016996398955934743,-0.0011576019056056762,-0.000985612577415192,0.0038516107343521963,0.002656662827767046,-0.0023192395494777674,-0.0017967367202662398,-0.0009653033831361538
2025-09-05,-0.001448713123771339,-0.0006252200267662196,-0.0010859939180987957,-0.0015018101041697428,0.001264489597721052,-0.003724033879304333,0.0013018365931269703,-0.0003122906385892738,0.0019756232007515665,0.0012119001103297789,-0.0006945857238542932,-0.0016331913418091894
2025-09-08,-0.0030500433681623826,-0.004836973003901676,-0.0014556526423184055,-0.003921783297133085,-0.010422929112143462,-0.011430151879277116,-0.0023570763902689656,-0.001816846712803238,-0.003387511673482934,-0.007816189267629918,-0.008840359707467847,-0.010710813337924443
2025-09-09,-0.00045740610467994434,0.0003469140176006488,0.003157565834182949,-0.0035683573856801314,0.0052523519421512335,0.0016064422214435048,0.0023073763398602488,0.002633471375478075,0.003335149440201854,0.0010517835169908277,0.0029236863318808184,0.002671317960698668
2025-09-10,4.58155252464834e-05,3.090353577336945e-05,0.0021603878618359383,-0.0076374811020538435,-0.00029629115861911086,0.003001910964189713,-0.002450915833608957,-0.0019371611315223958,0.0016320837096093807,-0.0023901142878155024,-0.0011334150959874689,0.0019753642700737714
2025-09-11,0.0067296922877670366,0.006172723830370607,0.005263731467279758,-0.0016153099216374752,0.006725371676907876,0.004508385440907325,0.0006695049537511184,0.008295155969750816,0.007387305603451807,0.003541547791918722,0.006010493680293974,0.005626376357208217
2025-09-12,-0.006369086582869137,-0.0038621921172797683,0.0010217453750602896,-0.005101649346803816,-0.003487917603485857,-0.0026275711860658016,-0.0008240602404894291,-0.0009256046211963213,-0.0007178267736524988,-0.0005831902284149597,-0.0023243884796055113,-0.000912211965522729
2025-09-15,-0.0013621220571944277,-0.0037600682012673544,1.4996041624259542e-05,-0.0049726435421953985,-0.00527881745568648,-0.0023259866040887364,-0.0026133150660637883,-0.002588707800441283,0.0007516798948813348,-0.004611379131225715,-0.004330752403800553,-0.0033026844154025797
2025-09-16,-0.0007132160465041434,-0.0030930930565510233,-0.003476447058283358,-0.004583529072514424,-0.010785606407629775,-0.004936138191102278,-0.00527162639731536,-0.0083378608885809,-0.0067851539745188635,-0.007897471754901452,-0.008733754665221288,-0.006402367217144879
2025-09-17,0.005477014114880803,0.00797628396759349,0.0032058718483481035,0.00525913861384697,0.006980200186455843,0.008413876179453038,0.007029245552384831,0.005721889950376164,0.010114021298436157,0.007602099235890987,0.008024637068024669,0.008794894361965703
2025-09-18,-0.0011843113576211221,-0.007212873054360986,1.5079338938798391e-05,-0.004620386557517597,-0.005944521259285284,-0.00294997434403188,-0.0023221050853427646,-0.0036514352345593474,0.003406222065372465,-0.006300975793010191,-0.008926014071804385,-0.0071036457738611345
2025-09-19,-0.0004129039612841665,0.0016785183748921953,0.005377081675783071,-0.003763495512866454,0.004874880757336129,-0.004245940234838419,0.0016750515844176372,0.004084553099942914,0.004041042457228688,0.0005890574043959349,0.004922375818054364,0.00037606174738129787
2025-09-22,-0.004819562416315147,-0.007440236710422653,-0.003267232783335243,-0.008069531306447407,-0.004837648085888135,-9.16307422929032e-05,-0.003484012109729645,-0.0030345209642947965,0.00273579472410843,-0.0059836854344226705,-0.004940063810093524,-0.0031391952174058594
2025-09-23,0.008406784609693376,0.010058954198381325,0.012280516299855907,0.009823560182349755,0.011011446893317877,0.011385577807606939,0.011941889989669233,0.011775468770165502,0.010801576061454234,0.011751819376793537,0.01192260511632138,0.012705424716844365
2025-09-24,-0.003521705337241683,-0.0035058077802634247,-0.0028907074861663938,-0.0003616542495074259,0.0031175986006696907,0.004759858321066268,-0.0006960197826863171,6.736921457233664e-05,0.0001108529557096718,0.002308823266768633,0.0023529083073848328,0.004428746593935868
2025-09-25,-0.003784820490862253,-0.0041276006492408646,0.0016427787689091227,-0.008400994396025397,-0.009402309426769496,-0.0064767961915821685,0.0003896796659943246,0.0032654971097333565,0.0013354315104913963,-0.008183639720687476,-0.005356420382576418,-0.005533966304163647
2025-09-26,0.00662466607646777,0.006456687744320608,0.005226824591029895,0.009993872534647496,0.011422819065411493,0.006656403326475168,0.009612782734708943,0.008027057509357975,0.009657087250453802,0.009208491122971856,0.008543075516540684,0.008090042158070085
2025-09-29,0.0015131805498404946,0.0026438056838342036,0.0023782381163957953,0.004759157721979967,0.0032412265117329527,0.0015960201515808898,0.0024152941151349963,0.0031322120842989607,0.0025901722646493046,0.0063589572499895405,0.005363590171528941,0.0026888550019772677
2025-09-30,0.009955530273985757,0.008130724227159969,0.011439003013002401,0.009308952800272262,0.022463046129105053,0.008009658299014233,0.007842460341730088,0.00961683433214547,0.009332281875041893,0.00943740758249885,0.01471799631937736,0.007187336420318215
2025-10-01,-3.5256842121497646e-06,-0.0027587651947122,-0.00222260380559176,-0.0021496391358299385,-0.01103267524940653,-0.007950862686035719,5.45351640034057e-05,-0.004495696049004167,-0.0063446727119576725,-0.001204491488428133,-0.0058265921050998926,-0.0028507500348212266
2025-10-02,-0.0012305267388083697,-0.002937584227751753,0.0003847842356368371,-0.006708273440203237,0.0024298420007794475,-0.003746035630580313,-0.003948390813705151,0.000838026349289859,-0.0030536620680391316,-0.007089102958798321,0.001409422353592842,-0.004642321224559299
2025-10-03,0.004832324542253339,0.008320792005311661,0.0037179672672017347,0.010934194273671104,0.005211239765423924,0.0036693328273421644,0.00419699692050245,0.003946214497565871,0.0043200480716926995,0.00942700954120014,0.0053685068231422274,0.004364154859737281
2025-10-06,-0.00017217013498188334,-0.00038602569614398677,0.00020439791252580287,0.003521985769835423,0.0055927202960567735,0.0019656340100631994,0.00117406799781922,0.002475848277570471,0.0033772798312336925,0.0015037332734193867,0.003839699812592028,-0.0006755686803729438
2025-10-07,0.0048753908131664485,0.007695049806582483,0.01158950750473419,0.004104503097004785,0.013922633521938052,0.006698473428352569,0.01155195456284403,0.011933011790007476,0.008000917775188854,0.005576511287412995,0.00928528392342347,0.007446513901451544
2025-10-08,0.00230323632494714,0.0016808211798183172,0.003610556319687136,0.002681651821398945,0.00915338820085618,0.013872752107011267,0.0005845857205616003,0.004562995260210823,0.004827592177312997,-0.00042469531308626123,0.007716891492082662,0.0071292218319433075
2025-10-09,-0.007809226171635681,-0.004035882689018804,-0.007736836527777536,-0.0037784915404316826,-0.01441737350897827,-0.01448271107270913,-0.007659662455754703,-0.01072001112832884,-0.012347814399678875,-0.0029284938631097086,-0.012213215916740128,-0.009979424742411655
2025-10-10,-0.011901603577395803,-0.002156220950519342,-0.0077313944098568715,-0.02257317262256939,-0.0001863974538064418,-0.020221590427601608,-0.01007554275652079,-0.005396854225082456,-0.00650723227708468,-0.015907692438586425,-0.0065399481479447375,-0.01074473445928854
2025-10-13,0.005966594192683342,-0.0003363895222690176,0.001682899791449364,0.016552250170875648,-0.000987486327472697,0.017605219806862377,0.0003467849936494558,0.002528530551366829,-0.0001412803244628676,0.011407194118453302,0.0027288713742890745,0.006434044274364203
2025-10-14,0.011354332804490155,0.011118954064073242,0.009477142678090175,0.009882405020346296,0.011068476249990654,0.016071083822952636,0.005714170740052664,0.008615529103817732,0.008538134818441494,0.00956876923849009,0.009706122630456199,0.011978654353250892
2025-10-15,-0.002566048000368198,-0.003047543781457692,0.002225195116876217,-0.006467136783206473,0.00254572041531218,-0.011352219385735473,-0.0053789375201350985,0.000653607330783765,-0.008182681683886764,-0.0059546728693679165,0.0001478124299104273,-0.01016827196508965
2025-10-16,-0.0059145477433821285,-0.0029038371944318593,-0.0038240993644801445,-0.01479447674848906,-0.007634814844082304,-0.014127092680360075,-0.006459606373794929,-0.004274668375999474,-0.006985379891814315,-0.011387880693824287,-0.006879943682185978,-0.006311843958216085
2025-10-17,0.005216867974674424,0.005931452503338468,0.003727950714591536,0.01269914843148543,0.0013967252647608453,0.006462785292267358,0.009723851209162512,0.00345026493037816,0.0063678317498302,0.012314604767874932,0.0025406129645534734,0.007462344412388973
2025-10-20,0.00926806036078715,0.004541579067373596,0.0058691955397186,0.006687546799883436,0.008575454553302773,0.011421157683965032,0.005353687525163934,0.00669919616373352,0.008827745203227742,0.005254450323599371,0.010457912381582345,0.009516550393010153
2025-10-21,0.005343999812437529,-0.0005167495241206766,-0.005973451405288022,0.00045365258989522585,-0.005998596635505992,0.001462491588355208,-0.004022135028380156,-0.005678464757159224,-0.0017306479858693131,0.0065093925736542674,-0.003196897107588184,0.006474438946733425
2025-10-22,-0.0004178422194595125,0.0027674468684300993,0.0006244230178615264,0.004420856126891626,0.0029175211600377835,-0.0032010629805536263,0.0036460806773404315,0.001823517713383146,0.0008646526267162787,0.002528576729077792,0.0017815205858416957,-0.0017375594142188886
2025-10-23,0.005560472936466922,-0.0019694884131644694,0.003117838242176876,0.0003017089366036396,-0.005137052121467621,0.0035128814833416343,0.001032472353897221,0.000784000181043467,0.00029322106210978246,-0.001341652775091939,-0.0013948337548514939,5.536457504895686e-05
2025-10-24,5.272611956196895e-05,-0.0019059767276906538,0.00188392590362409,0.008741057008918317,-0.0033737752496762583,0.00034988554807764303,0.0065079439713285215,-0.00348310339859322,-0.0001099370976694571,0.00581731430704897,-0.0007630285684178802,0.00020609633410370544
2025-10-27,0.00418572571395481,0.0030412939203314894,0.007741216314219781,0.008673085561626447,0.006361993770056217,0.01010569875998084,0.007486149733879639,0.00500974055502366,0.005395883781169409,0.0068286150345598816,0.0055053017952148816,0.007556941367414464
2025-10-28,-0.007958068586514707,-0.0064276522486010216,-0.007170387627415675,-0.006071998047245585,-0.007342977553649788,-0.005340108106998075,-0.007067129732809299,-0.0076659309163996745,-0.007316248119171111,-0.004992336766172473,-0.009015222599662897,-0.005887445737833462
2025-10-29,-0.004918783118108257,-0.00674456521152956,-0.005907149271608265,-0.0069584635885387314,-0.007474560130687678,-0.021737189193957458,-0.014944587102721129,-0.00528949021089022,-0.02086262427106062,-0.011008687132515129,-0.008442361023996264,-0.02235816348764227
2025-10-30,-0.011508315473249322,-0.013311838174027002,-0.019324744798049718,-0.0006606918982876792,-0.012601177004787932,-0.015266334598044272,-0.017587425386695037,-0.018780520458932227,-0.020821481870948656,-0.0033116074009772855,-0.014024007955165356,-0.010688062841292385
2025-10-31,-0.005710900112799733,-0.01159107312033071,-0.010497174479060846,-0.013011669566936002,-0.012269520938860135,-0.014959599663810929,-0.015144451295776648,-0.007725267039207995,-0.015936851944756074,-0.010221144702713899,-0.00820505758024912,-0.011884754383525993
2025-11-03,-0.012799186587951362,-0.007380386667260304,-0.0007575331147491382,-0.017806720616801285,0.001709846495078304,-0.01109216642851023,-0.006907191211426647,-0.0008976977237346462,-0.0037008035318254503,-0.014980788580611826,-0.004626263426689307,-0.01211189912212607
2025-11-04,-0.0042503451890606786,0.0006902760546610429,-0.004324566990955097,-0.007757486151322879,-0.00031517973887671465,-0.010933825364439542,-0.002993533511500125,-0.0025980556725318806,8.908349261885573e-05,-0.00445512045812889,-0.0010824880854788622,-0.0034055542405689266
2025-11-05,0.002506925932627068,0.0008566515738466951,0.001686150997207166,0.007732918460168502,-0.0064029791932088236,0.0028501489503766297,0.0009547132340093141,-0.002305012522074683,-0.0019358664499427468,0.005286685041235967,-0.00399474996378946,-0.0013437940623559157
2025-11-06,0.0010334164946614302,0.0027904192976232925,0.0032265315709314175,-9.194372819882907e-05,0.0018694956089411628,-0.008030126017112414,0.0015176198394380425,0.0009919523735818234,-0.0033672930831309547,0.0007288811137993836,0.0005933484670564691,-0.0025404093528592557
2025-11-07,0.008738921512925546,0.009337551977071477,0.004865565158268848,0.002145416745041628,0.011231380063683781,0.007981484659490534,0.0022405989052294625,0.008009431737254748,0.009163894124556534,0.005312319344512988,0.011720691575784321,0.01094671309986481
2025-11-10,0.004188099607202881,0.001046023580650549,0.0038951705633946533,0.0007156161216000929,0.001997063798725574,-0.005294387831177038,0.005233405338069365,0.0037466882439282207,0.002067117290817939,0.0006880837940157214,0.002787908398378072,-0.00195339231242893
2025-11-11,0.010213071122491903,0.01052900493852676,0.009275030150116662,0.005898026951777836,0.006300376578984456,-0.001576651879099566,0.010473789576041776,0.008984708088682966,0.007527123996708312,0.008462517246165969,0.008126257846648484,0.006567789603176473
2025-11-12,0.001054630636755087,-0.0004484021372304866,2.9735759769424765e-05,0.002496346684063533,0.002035184954742619,0.0036675198332625225,0.0008476813450309306,-0.0008635430097820306,0.00010412493240553528,0.002099861903053812,6.468288159057975e-05,0.0015844656516065215
2025-11-13,-0.00914598701806338,-0.004729743104083555,-0.005874809237202796,-0.01061421142682366,0.0003627639360733292,-0.008490548435159994,-0.01280489713552469,-0.0025799559059262564,-0.013466784106960478,-0.012673509287568843,-0.0019317802543911103,-0.006943976074683355
2025-11-14,0.00023861295945669332,0.0038292747740723437,0.005170607265648541,-0.0015369640791434548,0.005179275604448374,-0.0020056133304851677,0.002036168424183621,0.0048080062931045685,0.0010810103466931888,-0.0014164519766595666,0.0036260593567519982,-0.000142517783876482
2025-11-17,-0.007600055703333249,-0.002194653454014897,-0.0030193170810993756,-0.019287558171384188,0.005897797818347738,-0.020789960846312017,-0.00636873503031582,0.0007443371480069684,-0.0040298540898426,-0.01567870882883628,0.0007159705193399997,-0.012087064284326494
2025-11-18,-0.0003256110676800941,0.0019510883342866655,-0.0010635286811350602,-0.006365593612765917,-0.0014957038776763241,-0.0029085565351260937,-0.0032969038255847437,0.001324383488897462,0.0008180966465762444,-0.002859700574078224,0.0004513926726136232,0.000831857195933094
2025-11-19,-0.005370674792651535,-0.003479609007104538,-5.463723373091315e-05,-0.0038624377931263387,-0.012163256818288136,-0.005588753446695559,-0.0022936386583142184,-0.004509700418132744,-0.006418367467947478,-0.00434804101746049,-0.008988345546687634,-0.00538177778579487
2025-11-20,-0.007685684671611005,-0.004554737359630612,-0.01215245674715033,0.00012657785925904706,-0.010466569965458958,-0.014557398273479015,-0.011412993083477081,-0.012408051044952155,-0.014086623013671603,-0.0013592973108945694,-0.010525887625880042,-0.011011932498749143
2025-11-21,0.01147372036416965,0.007134673985230764,0.001751105756795652,0.01877263741656545,-0.0009735860036911071,0.014376765492361354,0.0054115754775520015,0.0006561587066004433,0.0032969713150217557,0.018249355635015604,0.004245357570439211,0.013232044758407956
2025-11-24,0.00012537129440471284,-0.0031962746746258012,0.0018261935320472201,0.0078525135482981,-0.005685322442698192,-0.00415488414802374,-5.673422416351337e-05,-0.0015883044576550497,-0.009624757022457067,0.003359159505269653,-0.0031086806233188453,-0.006548121663705135
2025-11-25,0.00887175655577434,0.006386720415983971,0.00950450800066433,-0.0002571587958336342,0.007036961941408547,0.011380812471335532,0.009866803614622376,0.008750191986845918,0.011728028027318708,0.0015956157870990852,0.009337205168799535,0.01182226002416837
2025-11-26,0.003924865328756033,0.007107474007717329,0.010226676636311596,-0.002320312520145351,0.014797580211455096,0.004166352640405012,0.0064246997644158265,0.011385264916718476,0.008299751896234964,-0.000564002851878751,0.010323527087156633,0.0049487689795019345
2025-11-28,0.006041006174858295,0.0038744881919903487,0.0048345221126203375,0.008696586005775253,0.0052722813623717005,0.007673828170456343,0.006013257820132182,0.0048356185301709565,0.0049475283059289745,0.007862421308204208,0.005283451822266893,0.005343903649168672
2025-12-01,-0.009613655921666409,-0.006116076035657646,-0.011570298653405376,-0.000448423069602777,-0.016347379638081368,-0.0055605764879859566,-0.0038514566611337754,-0.01039012053059674,-0.004566057820516122,-0.000640483219142386,-0.014339859765865876,-0.0076811980922544985
2025-12-02,0.0004624452578337992,-0.001372866346615134,0.006232231984180535,0.003876480718597097,0.01057948668457034,0.029299435922936778,0.00827972295451103,0.008858317215246912,0.011637141463730514,0.0004949148108124269,0.007912863636207898,0.015082091729206536
2025-12-03,0.0038982091419941397,0.00025532714413846404,-0.003804955919187951,0.003991429993024242,-0.007915399591155036,-0.004556655747793247,-0.003530766176354427,-0.004843109952039401,-0.0037132363021207438,0.0031489392667477818,-0.0029770192468645445,-0.002009092559630498
2025-12-04,-0.0027327039313495487,-0.005257144892064701,-0.00507856419248355,0.003053686124736178,-0.009583336216399663,-0.004363500857727831,-0.005683534323528593,-0.007629649373814913,-0.007331104807627912,0.0013577686107826312,-0.006591771830036337,-0.007051804363700818
2025-12-05,-0.005243259702152076,-0.0026982130645943404,-0.0065770168103541134,3.839299127026416e-05,-0.001970386109125277,-0.0022732224507173715,-0.0033620015535840743,-0.005879044112509799,-0.003234372929430554,-0.0012505303617925258,-0.0040730351767007695,-0.0036637385820353268
2025-12-08,-0.004991702280157547,-0.0025580350277858714,0.003943448457538647,-0.008538653982743293,-0.0006502773180555592,-0.0023708965721781494,0.004779964926732781,0.0022811448853043677,0.0043997377403376305,-0.0045165682054618345,-0.0018948203875819762,-0.0018672428161988044
2025-12-09,-0.0028710636872030537,-0.0018907518734059014,-0.006674064712816347,0.00553873835684382,-0.006817153593527947,-0.005841047915921282,-0.004931466219296886,-0.007695191290396525,-0.00733092075983578,0.003295679609446549,-0.007561224137940035,-0.005964975044588983
2025-12-10,0.006427091753131031,0.004732193260541747,0.0009736114990848838,0.010717527024117634,-0.013444816574907457,-0.001618859739009703,0.003781199157137696,-0.0008463498699903604,-0.000648535272685589,0.009414534978033958,-0.003109245074947628,-0.0002457657635719853
2025-12-11,0.005447280290101887,0.0020616608174128556,0.008329256812622168,0.002426495667891015,0.005027585575222737,0.0050333040672122294,0.005931063340869133,0.007471146436314573,0.004399337468430852,0.0008826824249298431,0.00472538412989146,0.0020875472389808897
2025-12-12,0.0015905581564863345,0.003857687296169377,0.010750681840024926,-0.00776878100001781,0.01326478630931358,-0.0026231649973826434,0.00623140365758332,0.009723381359128919,0.004259605154862878,-0.0026622360250858576,0.007241658764934014,0.004863548060124214
2025-12-15,0.003054727556672408,0.003594904868592228,0.0033594686884030134,-0.000989314246118522,0.008009376686299863,3.660566756429333e-05,0.0028547412870558965,0.005124411073629709,0.003493605753999184,0.0003671473310675121,0.006623570392192928,0.003731250956109134
2025-12-16,-0.0061649367753557754,-0.006897630162797309,-0.00690495140007303,-0.01110663425472591,-0.004454245072482777,-0.00026535787004928774,-0.006989871827369506,-0.0069661430404945,-0.0012077020805030354,-0.008764531457610277,-0.006276122619933447,-0.0031028950435987583
2025-12-17,0.0027397107688527395,0.005390972055376255,-0.00022341667368441602,0.008475669592133793,0.009399773217235773,0.00713755764728745,0.005915023903611871,0.004270092604273295,0.007519461671399303,0.00639300945811952,0.0074922782218106755,0.008932991639343224
2025-12-18,-0.00236506716530175,-0.00660078310782335,-0.0005811422458845995,-0.01371864261693434,-0.0006041658253184367,-0.009187079818205634,-0.002747150007391074,-0.0014990491769578769,-0.002015425821764328,-0.010964263073117748,-0.0013709206777298129,-0.005258486633865237
2025-12-19,-0.001912947935252541,-0.004631700010766473,0.0009751675692362115,-0.004890308622683514,-0.004724917932877503,0.001928599339741721,-7.097161714023981e-05,-0.0007217626948605199,-0.0012521446767558835,-0.0044784202443774405,-0.0029566758155049194,-9.663772042744584e-05
2025-12-22,0.007202959355419844,0.005826616219832083,0.008687291607186159,0.0053277245269647945,0.004525024154541391,0.006331752529164181,0.008326646849685232,0.007434266439809796,0.00853586182869752,0.005402449464248055,0.007831645498259467,0.006630499261484447
2025-12-23,0.001917695388097969,0.001599244231088484,0.0006598548865869337,0.002294470862380682,0.002636630100568382,0.00023551161149277773,0.0029981528329782728,0.0009052680020873666,0.003528637216451353,0.0015104061410968017,0.0015929764504462993,0.0007865475709715643
2025-12-24,0.004568021795059523,0.004552175286431563,0.006018545382518304,0.0031241933762544017,0.005892389109137185,0.00513407836070745,0.004403522313550204,0.005934147306291389,0.004965128757211664,0.0036129820699072734,0.00558981065068702,0.005041417258007644
2025-12-26,0.0001573016934082279,-0.0008688390328893955,-0.0013011589986611375,0.0011801957359814485,7.362011867408937e-05,-0.0012459275740600792,-0.0016002182978502601,-0.0012857728922319538,-0.002859204532198348,-0.0003451167290658164,-0.00037634455778352366,-0.0015397590220710905
2025-12-29,-0.0006633456072818152,0.0005686005950802562,-0.002095407255722475,-0.001686863377844871,0.0003762356344088498,-0.006394200777281389,-0.00025746736755120875,-0.0005070874155407982,-0.0002450252909051447,-0.00036409027959754116,-0.00047568526087675596,-0.0025947435707729056
2025-12-30,0.0009637201783014087,0.0021051156438490416,0.0002704246540929895,0.0027495154542365617,0.00312747081328375,0.0054881434520839475,0.0018819351113929755,0.0021664128066915035,0.004664906434150174,0.0023274156451498287,0.002297570075279901,0.0032394883869926987
2025-12-31,-0.007059208358178754,-0.004637195925757049,-0.0062598288908950065,-0.010640499069531482,-0.005613708064380928,-0.00929462031438235,-0.006195779434786448,-0.004499260196836446,-0.005133953034611168,-0.008884469011956978,-0.005844980040808064,-0.0065780056729808
